CREATE DATABASE GYM
USE GYM

--INSERCION DE DATOS
--------------------------------------------------------------------------------------------------------------------------------------

INSERT INTO CLIENTES (ID, NOMBRE, APELLIDO, CEDULA, SEXO, F_NACIMIENTO) VALUES(1, 'LUIS', 'BARRIA', NULL, 'M', NULL);
INSERT INTO CLIENTES (ID, NOMBRE, APELLIDO, CEDULA, SEXO, F_NACIMIENTO) VALUES(2, 'FRANCISCO', 'NAVARRO', NULL, 'M', '1980-12-02');
INSERT INTO CLIENTES (ID, NOMBRE, APELLIDO, CEDULA, SEXO, F_NACIMIENTO) VALUES(3, 'ADELAIDA', 'MIRANDA', NULL, 'F', NULL);
INSERT INTO CLIENTES (ID, NOMBRE, APELLIDO, CEDULA, SEXO, F_NACIMIENTO) VALUES(4, 'MARICLARE', 'NAVARRO', NULL, 'F', '1989-08-23');
INSERT INTO CLIENTES (ID, NOMBRE, APELLIDO, CEDULA, SEXO, F_NACIMIENTO) VALUES(5, 'JORGE', 'BARCENAS', NULL, 'M', '1990-12-17');
INSERT INTO CLIENTES (ID, NOMBRE, APELLIDO, CEDULA, SEXO, F_NACIMIENTO) VALUES(6, 'ANDRES', 'CORRALES', NULL, 'M', NULL);
INSERT INTO CLIENTES (ID, NOMBRE, APELLIDO, CEDULA, SEXO, F_NACIMIENTO) VALUES(7, 'MICHELLE', 'NAVARRO', NULL, 'F', '1985-07-26');
INSERT INTO CLIENTES (ID, NOMBRE, APELLIDO, CEDULA, SEXO, F_NACIMIENTO) VALUES(8, 'VICENT', 'PUGA', NULL, 'M', '1998-06-24');
INSERT INTO CLIENTES (ID, NOMBRE, APELLIDO, CEDULA, SEXO, F_NACIMIENTO) VALUES(9, 'YUNIOR', 'JIMENEZ', NULL, 'M', '1982-09-30');
INSERT INTO CLIENTES (ID, NOMBRE, APELLIDO, CEDULA, SEXO, F_NACIMIENTO) VALUES(10, 'MAXUEL', 'MONTENEGRO', NULL, 'M', NULL);
INSERT INTO CLIENTES (ID, NOMBRE, APELLIDO, CEDULA, SEXO, F_NACIMIENTO) VALUES(11, 'JUAN', 'SANCHEZ', NULL, 'M', '1989-11-26');
INSERT INTO CLIENTES (ID, NOMBRE, APELLIDO, CEDULA, SEXO, F_NACIMIENTO) VALUES(12, 'TRINIDAD', 'ALMANZA', NULL, 'F', '1985-12-25');
INSERT INTO CLIENTES (ID, NOMBRE, APELLIDO, CEDULA, SEXO, F_NACIMIENTO) VALUES(13, 'SONIS', 'ATHARASIADIS', NULL, 'F', '1991-01-22');
INSERT INTO CLIENTES (ID, NOMBRE, APELLIDO, CEDULA, SEXO, F_NACIMIENTO) VALUES(14, 'JORGE', 'RAMIREZ', NULL, 'M', '1992-01-24');
INSERT INTO CLIENTES (ID, NOMBRE, APELLIDO, CEDULA, SEXO, F_NACIMIENTO) VALUES(15, 'JANICE', 'BEIRO', NULL, 'F', '1992-06-15');
INSERT INTO CLIENTES (ID, NOMBRE, APELLIDO, CEDULA, SEXO, F_NACIMIENTO) VALUES(16, 'MIGUEL', 'TABOADA',NULL, 'M', '1996-05-23');
INSERT INTO CLIENTES (ID, NOMBRE, APELLIDO, CEDULA, SEXO, F_NACIMIENTO) VALUES(17, 'KAREN', 'MARTINEZ',NULL, 'F', '1994-02-21');
INSERT INTO CLIENTES (ID, NOMBRE, APELLIDO, CEDULA, SEXO, F_NACIMIENTO) VALUES(18, 'MARTIN', 'QUINTERO',NULL, 'M', '1980-04-12');
INSERT INTO CLIENTES (ID, NOMBRE, APELLIDO, CEDULA, SEXO, F_NACIMIENTO) VALUES(19, 'JORGE', 'CEBALLOS', NULL, 'M', '1992-11-30');
INSERT INTO CLIENTES (ID, NOMBRE, APELLIDO, CEDULA, SEXO, F_NACIMIENTO) VALUES(20, 'JENNIFER', 'LEMAS', NULL, 'F', '1995-12-29');
INSERT INTO CLIENTES (ID, NOMBRE, APELLIDO, CEDULA, SEXO, F_NACIMIENTO) VALUES(21, 'JAIME', 'DUARTE',  NULL, 'M', '1986-09-09');
INSERT INTO CLIENTES (ID, NOMBRE, APELLIDO, CEDULA, SEXO, F_NACIMIENTO) VALUES(22, 'FRANCISCO', 'MENA',NULL, 'M', '1970-01-16');
INSERT INTO CLIENTES (ID, NOMBRE, APELLIDO, CEDULA, SEXO, F_NACIMIENTO) VALUES(23, 'YARIMA', 'PLICET', NULL, 'F', '1990-11-17');
INSERT INTO CLIENTES (ID, NOMBRE, APELLIDO, CEDULA, SEXO, F_NACIMIENTO) VALUES(24, 'SADAY', 'ZAPATA',  NULL, 'F', '1990-02-09');
INSERT INTO CLIENTES (ID, NOMBRE, APELLIDO, CEDULA, SEXO, F_NACIMIENTO) VALUES(25, 'MIGUEL', 'SANTOS', NULL, 'M', '1996-02-18');
INSERT INTO CLIENTES (ID, NOMBRE, APELLIDO, CEDULA, SEXO, F_NACIMIENTO) VALUES(26, 'DIANA', 'BARCHAN', NULL, 'F', '1997-02-20');
INSERT INTO CLIENTES (ID, NOMBRE, APELLIDO, CEDULA, SEXO, F_NACIMIENTO) VALUES(27, 'SAMUEL', 'MOJICA', NULL, 'M', '1992-05-20');
INSERT INTO CLIENTES (ID, NOMBRE, APELLIDO, CEDULA, SEXO, F_NACIMIENTO) VALUES(28, 'ZUGEITH', 'CURNEY',NULL, 'F', '1992-07-20');


EXEC SP_ACTUALIZA_REDES 01, NULL, NULL, NULL, NULL
EXEC SP_ACTUALIZA_REDES 02, '6235-7502', 'FRANCISCO NAVARRO', 'navarrofrmkzz', 'fr-navarro@hotmail.com'
EXEC SP_ACTUALIZA_REDES 03, '6672-7084', NULL, NULL, NULL
EXEC SP_ACTUALIZA_REDES 04, '6949-2682', 'Mariclare Navarro', 'mNavarro', 'mariclarenavarrogmail.com'
EXEC SP_ACTUALIZA_REDES 05, '6954-3150', 'Jorge Barcenas','Jorgeleonardo17', 'Ellobo-117@hotmail.com'
EXEC SP_ACTUALIZA_REDES 06, NULL, NULL, NULL, NULL
EXEC SP_ACTUALIZA_REDES 07, '6534-3286', 'MICHELLE NAVARRO', NULL, 'beya_k@hotmail.com'
EXEC SP_ACTUALIZA_REDES 08, '6499-9510', 'VICENT PUGA', 'VicentPuga', 'vini241@gmail.com'
EXEC SP_ACTUALIZA_REDES 09, '6948-6205', NULL, NULL, 'yunior87@hotmail.com'
EXEC SP_ACTUALIZA_REDES 10, '6911-9490', NULL, 'max08mont24black', 'mont_black08@hotmail.com'
EXEC SP_ACTUALIZA_REDES 11, '6834-7192', 'NOVALO PANAMERO', NULL, 'Sweetjohn-26@hotmail.com'
EXEC SP_ACTUALIZA_REDES 12, '6539-9924', NULL,'el.teat', 'el.teat@hotmail.com'
EXEC SP_ACTUALIZA_REDES 13, '6024-5603', NULL, NULL, NULL
EXEC SP_ACTUALIZA_REDES 14, '6309-2260', 'JORGE RAMIREZ',NULL, 'jorgew24@outlook.es'
EXEC SP_ACTUALIZA_REDES 15, '6268-0789', 'JANICE BEIRO',  'JyB2315', 'beiro2308@gmail.com'
EXEC SP_ACTUALIZA_REDES 16, '6094-7649', NULL, NULL, 'MjTaboada23332@hotmail.com'
EXEC SP_ACTUALIZA_REDES 17, '6090-1273', NULL, NULL, 'karenluzm@hotmail.com'
EXEC SP_ACTUALIZA_REDES 18, '6239-8925', 'MARTIN QUINTERO', NULL ,'martinquintero@gmail.com'
EXEC SP_ACTUALIZA_REDES 19, NULL, NULL, NULL, NULL
EXEC SP_ACTUALIZA_REDES 20, '6869-4959',NULL, NULL, 'JdLemas67@hotmail.com'
EXEC SP_ACTUALIZA_REDES 21, '6980-5690','Jaime Lasso',NULL, 'location_PMA@hotmauil.com'
EXEC SP_ACTUALIZA_REDES 22, NULL, NULL, NULL, NULL
EXEC SP_ACTUALIZA_REDES 23, '6370-9210',  NULL, NULL,'PlicettYarima@gmail.com'
EXEC SP_ACTUALIZA_REDES 24, '6227-0303',  NULL, NULL,'Szapata02@gmail.com'
EXEC SP_ACTUALIZA_REDES 25, '6684-4482',  NULL, NULL,'miguelsan3620@gmail.es'
EXEC SP_ACTUALIZA_REDES 26, '6818-3441',  NULL, NULL,'carolynBarchman@gmail.com'
EXEC SP_ACTUALIZA_REDES 27, NULL, NULL, NULL, NULL
EXEC SP_ACTUALIZA_REDES 28, '6300-1021',NULL, NULL, 'Zcurney@gmail.com'


INSERT INTO INFO_CONTACTO (ID_CLIENTE, TELEFONO, TEL_FAMILIAR, DIRECCION, ID_SOCIAL) VALUES(1, NULL, NULL, NULL, 01);
INSERT INTO INFO_CONTACTO (ID_CLIENTE, TELEFONO, TEL_FAMILIAR, DIRECCION, ID_SOCIAL) VALUES(2, '6235-7502', NULL, NULL, 02);
INSERT INTO INFO_CONTACTO (ID_CLIENTE, TELEFONO, TEL_FAMILIAR, DIRECCION, ID_SOCIAL) VALUES(3, '6672-7084', NULL, NULL, 03);
INSERT INTO INFO_CONTACTO (ID_CLIENTE, TELEFONO, TEL_FAMILIAR, DIRECCION, ID_SOCIAL) VALUES(4, '6949-2682', NULL, 'BRISAS DEL GOLF', 04);
INSERT INTO INFO_CONTACTO (ID_CLIENTE, TELEFONO, TEL_FAMILIAR, DIRECCION, ID_SOCIAL) VALUES(5, '6954-3150', NULL, 'ARRAIJAN', 05);
INSERT INTO INFO_CONTACTO (ID_CLIENTE, TELEFONO, TEL_FAMILIAR, DIRECCION, ID_SOCIAL) VALUES(6, NULL, NULL, NULL, 06);
INSERT INTO INFO_CONTACTO (ID_CLIENTE, TELEFONO, TEL_FAMILIAR, DIRECCION, ID_SOCIAL) VALUES(7, '6534-3286', NULL, NULL, 07);
INSERT INTO INFO_CONTACTO (ID_CLIENTE, TELEFONO, TEL_FAMILIAR, DIRECCION, ID_SOCIAL) VALUES(8, '6499-9510', NULL, 'ARRAIJAN', 08);
INSERT INTO INFO_CONTACTO (ID_CLIENTE, TELEFONO, TEL_FAMILIAR, DIRECCION, ID_SOCIAL) VALUES(9, '6948-6205', NULL, 'NUEVO ARRAIJAN', 09);
INSERT INTO INFO_CONTACTO (ID_CLIENTE, TELEFONO, TEL_FAMILIAR, DIRECCION, ID_SOCIAL) VALUES(10, '6911-9490', NULL, 'NUEVO CHORRILLO', 10);
INSERT INTO INFO_CONTACTO (ID_CLIENTE, TELEFONO, TEL_FAMILIAR, DIRECCION, ID_SOCIAL) VALUES(11, '6834-7192', NULL, 'LAS VILLAS', 11);
INSERT INTO INFO_CONTACTO (ID_CLIENTE, TELEFONO, TEL_FAMILIAR, DIRECCION, ID_SOCIAL) VALUES(12, '6539-9924', NULL, 'VISTA ALEGRE',12)
INSERT INTO INFO_CONTACTO (ID_CLIENTE, TELEFONO, TEL_FAMILIAR, DIRECCION, ID_SOCIAL) VALUES(13, '6024-5603', NULL, 'PUERTA DE HIERRO',13)
INSERT INTO INFO_CONTACTO (ID_CLIENTE, TELEFONO, TEL_FAMILIAR, DIRECCION, ID_SOCIAL) VALUES(14, '6309-2260', NULL, 'HATO MONTAÑA',14)
INSERT INTO INFO_CONTACTO (ID_CLIENTE, TELEFONO, TEL_FAMILIAR, DIRECCION, ID_SOCIAL) VALUES(15, '6268-0789', NULL, 'VILLAS DE ARRAIJAN',15)
INSERT INTO INFO_CONTACTO (ID_CLIENTE, TELEFONO, TEL_FAMILIAR, DIRECCION, ID_SOCIAL) VALUES(16, '6094-7649', NULL, 'VALLE HERMOSO',16)
INSERT INTO INFO_CONTACTO (ID_CLIENTE, TELEFONO, TEL_FAMILIAR, DIRECCION, ID_SOCIAL) VALUES(17, '6090-1273', NULL, NULL,17)
INSERT INTO INFO_CONTACTO (ID_CLIENTE, TELEFONO, TEL_FAMILIAR, DIRECCION, ID_SOCIAL) VALUES(18, '6238-8925', NULL, 'LAS VILLAS',18)
INSERT INTO INFO_CONTACTO (ID_CLIENTE, TELEFONO, TEL_FAMILIAR, DIRECCION, ID_SOCIAL) VALUES(19, '6539-8374', NULL, 'VALLE DORADO',19)
INSERT INTO INFO_CONTACTO (ID_CLIENTE, TELEFONO, TEL_FAMILIAR, DIRECCION, ID_SOCIAL) VALUES(20, '6869-4959', NULL, 'VALLE DORADO',20)
INSERT INTO INFO_CONTACTO (ID_CLIENTE, TELEFONO, TEL_FAMILIAR, DIRECCION, ID_SOCIAL) VALUES(21, '6980-5690', NULL, 'VISTA ALEGRE',21)
INSERT INTO INFO_CONTACTO (ID_CLIENTE, TELEFONO, TEL_FAMILIAR, DIRECCION, ID_SOCIAL) VALUES(22, '251-1138', NULL, 'LAS VILLAS',22)
INSERT INTO INFO_CONTACTO (ID_CLIENTE, TELEFONO, TEL_FAMILIAR, DIRECCION, ID_SOCIAL) VALUES(23, '6370-9210', NULL, 'LAS VILLAS',23)
INSERT INTO INFO_CONTACTO (ID_CLIENTE, TELEFONO, TEL_FAMILIAR, DIRECCION, ID_SOCIAL) VALUES(24, '6227-0303', NULL, 'PARQUE DEL OESTE',24)
INSERT INTO INFO_CONTACTO (ID_CLIENTE, TELEFONO, TEL_FAMILIAR, DIRECCION, ID_SOCIAL) VALUES(25, '6684-4482', NULL, 'HATO MONTAÑA',25)
INSERT INTO INFO_CONTACTO (ID_CLIENTE, TELEFONO, TEL_FAMILIAR, DIRECCION, ID_SOCIAL) VALUES(26, '6818-3441', NULL, 'HATO MONTAÑA',26)
INSERT INTO INFO_CONTACTO (ID_CLIENTE, TELEFONO, TEL_FAMILIAR, DIRECCION, ID_SOCIAL) VALUES(27, '6537-5739', NULL, 'LAS VILLAS',27)
INSERT INTO INFO_CONTACTO (ID_CLIENTE, TELEFONO, TEL_FAMILIAR, DIRECCION, ID_SOCIAL) VALUES(28, '6300-1021', NULL, 'NUEVO ARRAIJAN',28)
 

INSERT INTO PLANES (ID, NOMBRE, COD_SUCURSAL, COSTO, DESCRIPCION) VALUES('P_M', 'PLAN MENSUAL', 1, 60.00, 'LOS PAGOS SON MENSUALMENTE')
INSERT INTO PLANES (ID, NOMBRE, COD_SUCURSAL, COSTO, DESCRIPCION) VALUES('P_D', 'PLAN DIARIO', 1, 2.00, 'LOS PAGO SE REALIZAN A DIARIO')



INSERT INTO SUCURSALES (ID_SUCURSAL, NOMBRE_SUCURSAL, UBICACION) VALUES(1, 'Sucursal Principal', 'Nuevo Arraijan')
INSERT INTO SUCURSALES (ID_SUCURSAL, NOMBRE_SUCURSAL, UBICACION) VALUES(2, 'Sucursal Secundaria', 'Burunga')



INSERT INTO PERFILES (ID_PERFIL, ID_CLIENTE, ESTATURA, PESO_INICIAL, PESO_ACTUAL) VALUES(1, 1, NULL, NULL, NULL)
INSERT INTO PERFILES (ID_PERFIL, ID_CLIENTE, ESTATURA, PESO_INICIAL, PESO_ACTUAL) VALUES(2, 2, NULL, NULL, NULL)
INSERT INTO PERFILES (ID_PERFIL, ID_CLIENTE, ESTATURA, PESO_INICIAL, PESO_ACTUAL) VALUES(3, 3, NULL, NULL, NULL)
INSERT INTO PERFILES (ID_PERFIL, ID_CLIENTE, ESTATURA, PESO_INICIAL, PESO_ACTUAL) VALUES(4, 4, NULL, NULL, NULL)
INSERT INTO PERFILES (ID_PERFIL, ID_CLIENTE, ESTATURA, PESO_INICIAL, PESO_ACTUAL) VALUES(5, 5, NULL, NULL, NULL)
INSERT INTO PERFILES (ID_PERFIL, ID_CLIENTE, ESTATURA, PESO_INICIAL, PESO_ACTUAL) VALUES(6, 6, NULL, NULL, NULL)
INSERT INTO PERFILES (ID_PERFIL, ID_CLIENTE, ESTATURA, PESO_INICIAL, PESO_ACTUAL) VALUES(7, 7, NULL, NULL, NULL)
INSERT INTO PERFILES (ID_PERFIL, ID_CLIENTE, ESTATURA, PESO_INICIAL, PESO_ACTUAL) VALUES(8, 8, NULL, NULL, NULL)
INSERT INTO PERFILES (ID_PERFIL, ID_CLIENTE, ESTATURA, PESO_INICIAL, PESO_ACTUAL) VALUES(9, 9, NULL, NULL, NULL)
INSERT INTO PERFILES (ID_PERFIL, ID_CLIENTE, ESTATURA, PESO_INICIAL, PESO_ACTUAL) VALUES(10, 10, NULL, NULL, NULL)
INSERT INTO PERFILES (ID_PERFIL, ID_CLIENTE, ESTATURA, PESO_INICIAL, PESO_ACTUAL) VALUES(11, 11, NULL, NULL, NULL)
INSERT INTO PERFILES (ID_PERFIL, ID_CLIENTE, ESTATURA, PESO_INICIAL, PESO_ACTUAL) VALUES(12, 12, NULL, NULL, NULL)
INSERT INTO PERFILES (ID_PERFIL, ID_CLIENTE, ESTATURA, PESO_INICIAL, PESO_ACTUAL) VALUES(13, 13, NULL, NULL, NULL)
INSERT INTO PERFILES (ID_PERFIL, ID_CLIENTE, ESTATURA, PESO_INICIAL, PESO_ACTUAL) VALUES(14, 14, NULL, NULL, NULL)
INSERT INTO PERFILES (ID_PERFIL, ID_CLIENTE, ESTATURA, PESO_INICIAL, PESO_ACTUAL) VALUES(15, 15, NULL, NULL, NULL)
INSERT INTO PERFILES (ID_PERFIL, ID_CLIENTE, ESTATURA, PESO_INICIAL, PESO_ACTUAL) VALUES(16, 16, NULL, NULL, NULL)
INSERT INTO PERFILES (ID_PERFIL, ID_CLIENTE, ESTATURA, PESO_INICIAL, PESO_ACTUAL) VALUES(17, 17, NULL, NULL, NULL)
INSERT INTO PERFILES (ID_PERFIL, ID_CLIENTE, ESTATURA, PESO_INICIAL, PESO_ACTUAL) VALUES(18, 18, NULL, NULL, NULL)
INSERT INTO PERFILES (ID_PERFIL, ID_CLIENTE, ESTATURA, PESO_INICIAL, PESO_ACTUAL) VALUES(19, 19, NULL, NULL, NULL)
INSERT INTO PERFILES (ID_PERFIL, ID_CLIENTE, ESTATURA, PESO_INICIAL, PESO_ACTUAL) VALUES(20, 20, NULL, NULL, NULL)
INSERT INTO PERFILES (ID_PERFIL, ID_CLIENTE, ESTATURA, PESO_INICIAL, PESO_ACTUAL) VALUES(21, 21, NULL, NULL, NULL)
INSERT INTO PERFILES (ID_PERFIL, ID_CLIENTE, ESTATURA, PESO_INICIAL, PESO_ACTUAL) VALUES(22, 22, NULL, NULL, NULL)
INSERT INTO PERFILES (ID_PERFIL, ID_CLIENTE, ESTATURA, PESO_INICIAL, PESO_ACTUAL) VALUES(23, 23, NULL, NULL, NULL)
INSERT INTO PERFILES (ID_PERFIL, ID_CLIENTE, ESTATURA, PESO_INICIAL, PESO_ACTUAL) VALUES(24, 24, NULL, NULL, NULL)
INSERT INTO PERFILES (ID_PERFIL, ID_CLIENTE, ESTATURA, PESO_INICIAL, PESO_ACTUAL) VALUES(25, 25, NULL, NULL, NULL)
INSERT INTO PERFILES (ID_PERFIL, ID_CLIENTE, ESTATURA, PESO_INICIAL, PESO_ACTUAL) VALUES(26, 26, NULL, NULL, NULL)
INSERT INTO PERFILES (ID_PERFIL, ID_CLIENTE, ESTATURA, PESO_INICIAL, PESO_ACTUAL) VALUES(27, 27, NULL, NULL, NULL)
INSERT INTO PERFILES (ID_PERFIL, ID_CLIENTE, ESTATURA, PESO_INICIAL, PESO_ACTUAL) VALUES(28, 28, NULL, NULL, NULL)


INSERT INTO PAGO(COD_INSCRIPCION, SALDO, DETALLES) VALUES(1, 10.00, 'PAGO POR DIA')
INSERT INTO PAGO(COD_INSCRIPCION, SALDO, DETALLES) VALUES(2, 15.00, 'PAGO POR DIA')
INSERT INTO PAGO(COD_INSCRIPCION, SALDO, DETALLES) VALUES(1, 5.00, 'PAGO POR DIA')
INSERT INTO PAGO(COD_INSCRIPCION, SALDO, DETALLES) VALUES(2, 10.00, 'PAGO POR DIA')
INSERT INTO PAGO(COD_INSCRIPCION, SALDO, DETALLES) VALUES(3, 5.00, 'PAGO POR DIA')
INSERT INTO PAGO(COD_INSCRIPCION, SALDO, DETALLES) VALUES(28, 40.00, 'PAGO POR DIA')


delete from PAGO where COD_INSCRIPCION = 3

delete from HISTORIAL where id = 3